instance,algorithm,cities,initial_length,nearest_neighbor_length,best_length,improvement_vs_initial_percent,difference_vs_nearest_neighbor,objective_evaluations,time_s,seed,accepted_worse
tsp.001,Simulated Annealing,120,64600.966858038184,11351.407331940125,9636.96238137562,85.08232484731533,-1714.4449505645043,20000,0.35447560000466183,3026,1233
tsp.001,Tabu Search,120,64600.966858038184,11351.407331940125,13076.429038097622,79.75815274277036,1725.0217061574967,20000,0.3448285000049509,3026,
tsp.001,Simulated Annealing,120,65272.39946704442,11351.407331940125,9722.76373814345,85.10432615082213,-1628.6435937966744,20000,0.37346819997765124,3027,1266
tsp.001,Tabu Search,120,65272.39946704442,11351.407331940125,12245.496641629454,81.23939560730854,894.0893096893287,20000,0.326349500042852,3027,
tsp.001,Simulated Annealing,120,68357.79236870243,11351.407331940125,9941.585635037809,85.45654373766821,-1409.821696902316,20000,0.3532227000105195,3028,1191
tsp.001,Tabu Search,120,68357.79236870243,11351.407331940125,13233.997805277242,80.64010356873898,1882.5904733371171,20000,0.32656009995844215,3028,
tsp.001,Simulated Annealing,120,64589.63746606834,11351.407331940125,10208.757843749943,84.1944338995353,-1142.6494881901817,20000,0.35680569999385625,3029,1242
tsp.001,Tabu Search,120,64589.63746606834,11351.407331940125,12599.192853008477,80.49347643478049,1247.785521068352,20000,0.30723900004522875,3029,
tsp.001,Simulated Annealing,120,66481.61509684409,11351.407331940125,10578.650647689436,84.08785551873332,-772.7566842506894,20000,0.3340785999898799,3030,1246
tsp.001,Tabu Search,120,66481.61509684409,11351.407331940125,13073.95500040944,80.33448047048113,1722.5476684693149,20000,0.4701766999787651,3030,
tsp.002,Simulated Annealing,120,63008.72832606688,9643.920880737762,10286.341657211004,83.6747353414598,642.4207764732419,20000,0.37468369997804984,4026,1259
tsp.002,Tabu Search,120,63008.72832606688,9643.920880737762,12535.516850713495,80.10511053985591,2891.595969975733,20000,0.32495630002813414,4026,
tsp.002,Simulated Annealing,120,64389.15004559507,9643.920880737762,10051.767954808201,84.38903456919314,407.8470740704397,20000,0.3487785999896005,4027,1256
tsp.002,Tabu Search,120,64389.15004559507,9643.920880737762,13048.729684957254,79.73458311576218,3404.8088042194922,20000,0.3304782999912277,4027,
tsp.002,Simulated Annealing,120,63563.65078499704,9643.920880737762,9758.440227179954,84.64776628361433,114.51934644219182,20000,0.3465626999968663,4028,1197
tsp.002,Tabu Search,120,63563.65078499704,9643.920880737762,13429.136535903262,78.87293072368186,3785.2156551655007,20000,0.34533680003369227,4028,
tsp.002,Simulated Annealing,120,64586.282881712716,9643.920880737762,10693.743952557299,83.44270102655933,1049.8230718195373,20000,0.3642695000162348,4029,1298
tsp.002,Tabu Search,120,64586.282881712716,9643.920880737762,12687.516108438811,80.35571093063909,3043.595227701049,20000,0.326503699994646,4029,
tsp.002,Simulated Annealing,120,64674.47883024411,9643.920880737762,10268.372623485791,84.12299131093434,624.4517427480296,20000,0.3450623999815434,4030,1268
tsp.002,Tabu Search,120,64674.47883024411,9643.920880737762,12561.974445230207,80.57661279621202,2918.0535644924457,20000,0.3329412000020966,4030,
tsp.003,Simulated Annealing,120,57400.20860322356,10535.811770924893,10538.88172724674,81.63964559763832,3.0699563218477124,20000,0.3480342999682762,5026,1277
tsp.003,Tabu Search,120,57400.20860322356,10535.811770924893,13197.337205456626,77.00820689227344,2661.5254345317335,20000,0.3212148000020534,5026,
tsp.003,Simulated Annealing,120,58175.42097698551,10535.811770924893,10189.643381272148,82.48462458861582,-346.16838965274474,20000,0.3502283999696374,5027,1343
tsp.003,Tabu Search,120,58175.42097698551,10535.811770924893,13332.911581299399,77.08153828990088,2797.099810374506,20000,0.31117549998452887,5027,
tsp.003,Simulated Annealing,120,62479.3439707019,10535.811770924893,10333.282799849667,83.46128153218895,-202.52897107522585,20000,0.3355096000013873,5028,1327
tsp.003,Tabu Search,120,62479.3439707019,10535.811770924893,13255.611064904917,78.78401048653647,2719.7992939800242,20000,0.3224305000039749,5028,
tsp.003,Simulated Annealing,120,55895.072638561076,10535.811770924893,10040.332591844875,82.03717766542768,-495.4791790800173,20000,0.34084159997291863,5029,1321
tsp.003,Tabu Search,120,55895.072638561076,10535.811770924893,12480.813140637169,77.67099575781414,1945.0013697122758,20000,0.3374020999763161,5029,
tsp.003,Simulated Annealing,120,62877.942414947756,10535.811770924893,11091.061182448795,82.36096672938814,555.2494115239024,20000,0.3462462000316009,5030,1355
tsp.003,Tabu Search,120,62877.942414947756,10535.811770924893,13693.973676046122,78.22133939168037,3158.161905121229,20000,0.3539865000057034,5030,
tsp.004,Simulated Annealing,120,59536.734963919196,11191.477643962411,10482.137597941623,82.39383196896158,-709.3400460207886,20000,0.35962430003564805,6026,1282
tsp.004,Tabu Search,120,59536.734963919196,11191.477643962411,13614.124416639048,77.13323643815947,2422.646772676637,20000,0.32226589997299016,6026,
tsp.004,Simulated Annealing,120,57841.53586826171,11191.477643962411,10705.154262015705,81.49227177093383,-486.3233819467059,20000,0.3423729999922216,6027,1374
tsp.004,Tabu Search,120,57841.53586826171,11191.477643962411,13397.508025168847,76.83756521320139,2206.030381206436,20000,0.3275720999808982,6027,
tsp.004,Simulated Annealing,120,60763.928170110536,11191.477643962411,10433.326618238254,82.82973643667371,-758.1510257241571,20000,0.35321560001466423,6028,1336
tsp.004,Tabu Search,120,60763.928170110536,11191.477643962411,12868.07150940679,78.82284457748976,1676.593865444378,20000,0.3438593000173569,6028,
tsp.004,Simulated Annealing,120,54639.990524847875,11191.477643962411,10497.192428976496,80.78844390684358,-694.2852149859154,20000,0.3475067999679595,6029,1342
tsp.004,Tabu Search,120,54639.990524847875,11191.477643962411,13080.96657106167,76.05972027921013,1889.488927099259,20000,0.32494730001781136,6029,
tsp.004,Simulated Annealing,120,58814.74844198163,11191.477643962411,10543.408288555875,82.07352990898784,-648.0693554065365,20000,0.45300669997232035,6030,1415
tsp.004,Tabu Search,120,58814.74844198163,11191.477643962411,12945.4203472355,77.98949975956178,1753.9427032730891,20000,0.3224374999990687,6030,
tsp.005,Simulated Annealing,120,64533.30760730148,10985.866177685515,10914.64610861844,83.08680197358498,-71.22006906707429,20000,0.3332731999689713,7026,1251
tsp.005,Tabu Search,120,64533.30760730148,10985.866177685515,14649.71722716095,77.29898285036387,3663.8510494754355,20000,0.3201156999566592,7026,
tsp.005,Simulated Annealing,120,63112.13299143953,10985.866177685515,9922.067858245367,84.27866816101559,-1063.7983194401477,20000,0.3509374000132084,7027,1217
tsp.005,Tabu Search,120,63112.13299143953,10985.866177685515,13509.18360871236,78.59495002245491,2523.317431026844,20000,0.3302574999979697,7027,
tsp.005,Simulated Annealing,120,64612.708404423094,10985.866177685515,10242.631155534242,84.1476523605485,-743.2350221512734,20000,0.36080460000084713,7028,1232
tsp.005,Tabu Search,120,64612.708404423094,10985.866177685515,13043.426907156103,79.81290797235299,2057.560729470588,20000,0.3392036000150256,7028,
tsp.005,Simulated Annealing,120,65702.2301487251,10985.866177685515,10188.446402693162,84.49299760505791,-797.4197749923533,20000,0.36018989997683093,7029,1300
tsp.005,Tabu Search,120,65702.2301487251,10985.866177685515,12980.586011952579,80.24330988070052,1994.7198342670636,20000,0.32701820001238957,7029,
tsp.005,Simulated Annealing,120,64984.54852624264,10985.866177685515,10510.640979427575,83.82593829180321,-475.22519825794006,20000,0.34204429999226704,7030,1264
tsp.005,Tabu Search,120,64984.54852624264,10985.866177685515,13891.77630189151,78.6229548147409,2905.910124205995,20000,0.3304727000067942,7030,
tsp.006,Simulated Annealing,120,62182.20443782476,10772.861394949143,10183.230003008002,83.62356224731452,-589.6313919411405,20000,0.34392660000594333,8026,1278
tsp.006,Tabu Search,120,62182.20443782476,10772.861394949143,13440.789355345576,78.38482974854188,2667.9279603964333,20000,0.3211798000265844,8026,
tsp.006,Simulated Annealing,120,60303.96281134011,10772.861394949143,10161.752294983846,83.14911355531525,-611.109099965297,20000,0.3403921000426635,8027,1315
tsp.006,Tabu Search,120,60303.96281134011,10772.861394949143,13042.927452352653,78.37135928669029,2270.06605740351,20000,0.32714129996020347,8027,
tsp.006,Simulated Annealing,120,63240.34455828844,10772.861394949143,9877.350200561104,84.38125176333097,-895.5111943880383,20000,0.33673019998241216,8028,1293
tsp.006,Tabu Search,120,63240.34455828844,10772.861394949143,12102.374416197816,80.86288982021105,1329.5130212486729,20000,0.31867700000293553,8028,
tsp.006,Simulated Annealing,120,58721.106117964424,10772.861394949143,10427.82986777989,82.2417686634998,-345.0315271692525,20000,0.33664249995490536,8029,1218
tsp.006,Tabu Search,120,58721.106117964424,10772.861394949143,12886.269835976296,78.05513096076706,2113.4084410271535,20000,0.3381057000369765,8029,
tsp.006,Simulated Annealing,120,57981.516091639605,10772.861394949143,10429.797055380324,82.01185867769297,-343.06433956881847,20000,0.3424152999650687,8030,1264
tsp.006,Tabu Search,120,57981.516091639605,10772.861394949143,13028.059412119357,77.530667891594,2255.1980171702144,20000,0.3279760000295937,8030,
tsp.007,Simulated Annealing,120,69306.73428786964,11993.021105959306,10508.757368121027,84.83732140015098,-1484.2637378382788,20000,0.3441850999952294,9026,1239
tsp.007,Tabu Search,120,69306.73428786964,11993.021105959306,13443.049023446318,80.60354572816861,1450.027917487012,20000,0.331846899993252,9026,
tsp.007,Simulated Annealing,120,65524.81867501637,11993.021105959306,10361.490531247542,84.18692223684364,-1631.5305747117636,20000,0.3447421999881044,9027,1231
tsp.007,Tabu Search,120,65524.81867501637,11993.021105959306,13834.741999712609,78.88625672002418,1841.7208937533032,20000,0.326577800035011,9027,
tsp.007,Simulated Annealing,120,64134.9504528708,11993.021105959306,10121.016577905606,84.21918703228286,-1872.0045280536997,20000,0.34370189998298883,9028,1245
tsp.007,Tabu Search,120,64134.9504528708,11993.021105959306,13969.405233950836,78.21873232097346,1976.3841279915305,20000,0.3278185000526719,9028,
tsp.007,Simulated Annealing,120,64776.94264974729,11993.021105959306,10722.618446253142,83.44685931808952,-1270.4026597061638,20000,0.35730460000922903,9029,1209
tsp.007,Tabu Search,120,64776.94264974729,11993.021105959306,13165.71049220101,79.67531353958958,1172.6893862417037,20000,0.44004560000030324,9029,
tsp.007,Simulated Annealing,120,66549.04317075846,11993.021105959306,10177.897400328453,84.7061701935925,-1815.1237056308528,20000,0.410848600033205,9030,1310
tsp.007,Tabu Search,120,66549.04317075846,11993.021105959306,13940.44731025437,79.0523700326021,1947.426204295065,20000,0.3286530000041239,9030,
tsp.008,Simulated Annealing,120,66240.86205271582,11615.928487541518,10581.901952592114,84.02511437098929,-1034.0265349494039,20000,0.3428513999679126,10026,1184
tsp.008,Tabu Search,120,66240.86205271582,11615.928487541518,12692.4805345251,80.83889590020104,1076.5520469835828,20000,0.31354419997660443,10026,
tsp.008,Simulated Annealing,120,60245.0966663263,11615.928487541518,10702.360558376284,82.23530021430223,-913.5679291652341,20000,0.3345562999602407,10027,1245
tsp.008,Tabu Search,120,60245.0966663263,11615.928487541518,13005.432564731022,78.41246294820812,1389.5040771895037,20000,0.33459160005440935,10027,
tsp.008,Simulated Annealing,120,60631.52177854646,11615.928487541518,11024.63017749537,81.81699905576794,-591.2983100461479,20000,0.35583420004695654,10028,1283
tsp.008,Tabu Search,120,60631.52177854646,11615.928487541518,13361.422734171565,77.96291047588501,1745.4942466300472,20000,0.3479853999451734,10028,
tsp.008,Simulated Annealing,120,62169.38719047312,11615.928487541518,10407.217333068307,83.25990040535075,-1208.7111544732106,20000,0.34394230000907555,10029,1229
tsp.008,Tabu Search,120,62169.38719047312,11615.928487541518,12904.175022512369,79.24352224515764,1288.246534970851,20000,0.337095600028988,10029,
tsp.008,Simulated Annealing,120,64928.382343917125,11615.928487541518,10945.543334048438,83.14212838990608,-670.38515349308,20000,0.35954230005154386,10030,1236
tsp.008,Tabu Search,120,64928.382343917125,11615.928487541518,13862.451262405873,78.64962784845265,2246.5227748643556,20000,0.31954430002951995,10030,
tsp.009,Simulated Annealing,120,65472.53038028773,9346.45363394434,9619.043871747977,85.30827537002595,272.59023780363714,20000,0.3583333999849856,11026,1291
tsp.009,Tabu Search,120,65472.53038028773,9346.45363394434,12585.068815817147,80.77809312895256,3238.6151818728067,20000,0.3369974999804981,11026,
tsp.009,Simulated Annealing,120,62051.21028290592,9346.45363394434,10429.699579754824,83.19178702203648,1083.245945810484,20000,0.36516430001938716,11027,1335
tsp.009,Tabu Search,120,62051.21028290592,9346.45363394434,12454.079131627055,79.92935339238991,3107.625497682715,20000,0.32163479999871925,11027,
tsp.009,Simulated Annealing,120,58877.106829640674,9346.45363394434,10316.503224620845,82.47790392542322,970.0495906765045,20000,0.3460238999687135,11028,1301
tsp.009,Tabu Search,120,58877.106829640674,9346.45363394434,12496.468497098333,78.77533532132186,3150.0148631539923,20000,0.31439359998330474,11028,
tsp.009,Simulated Annealing,120,61896.1583163248,9346.45363394434,9656.391784523654,84.39904503414579,309.9381505793135,20000,0.33864039997570217,11029,1295
tsp.009,Tabu Search,120,61896.1583163248,9346.45363394434,12121.80719159869,80.41589733299874,2775.353557654349,20000,0.3096767999813892,11029,
tsp.009,Simulated Annealing,120,62733.12348526367,9346.45363394434,9719.095279521669,84.50723519002726,372.64164557732875,20000,0.3348180000321008,11030,1313
tsp.009,Tabu Search,120,62733.12348526367,9346.45363394434,12716.821492717932,79.7286970802511,3370.367858773592,20000,0.3375681000179611,11030,
tsp.010,Simulated Annealing,120,59294.54398503728,11036.884772188996,10416.069446338166,82.4333425197323,-620.81532585083,20000,0.36573620000854135,12026,1320
tsp.010,Tabu Search,120,59294.54398503728,11036.884772188996,13220.146559761442,77.7042782163946,2183.2617875724463,20000,0.3368666999740526,12026,
tsp.010,Simulated Annealing,120,61310.82476516832,11036.884772188996,10226.891818119102,83.31959836245888,-809.992954069894,20000,0.35085019998950884,12027,1223
tsp.010,Tabu Search,120,61310.82476516832,11036.884772188996,12498.805586071765,79.61403123519464,1461.920813882769,20000,0.32430490001570433,12027,
tsp.010,Simulated Annealing,120,59883.68103379094,11036.884772188996,10371.301957509426,82.6809211149576,-665.5828146795702,20000,0.34076319995801896,12028,1297
tsp.010,Tabu Search,120,59883.68103379094,11036.884772188996,12487.434579637742,79.14718273148341,1450.549807448746,20000,0.32645839999895543,12028,
tsp.010,Simulated Annealing,120,60174.75158155165,11036.884772188996,10725.491943985551,82.17609269321225,-311.3928282034449,20000,0.43967829999746755,12029,1337
tsp.010,Tabu Search,120,60174.75158155165,11036.884772188996,13573.191689607493,77.44370964089073,2536.3069174184966,20000,0.3829441000125371,12029,
tsp.010,Simulated Annealing,120,58112.55371840611,11036.884772188996,10813.623743924405,81.39193160169215,-223.261028264591,20000,0.34725660004187375,12030,1301
tsp.010,Tabu Search,120,58112.55371840611,11036.884772188996,12626.193396846797,78.27286431425975,1589.3086246578005,20000,0.33369599998695776,12030,
