iteration,objective_evaluations,current_length,best_length,candidate_length,delta,tabu_used,improved_best
1,40,63462.93150719583,63462.93150719583,63462.93150719583,-1138.0353508423525,False,True
2,80,62713.36250442637,62713.36250442637,62713.36250442637,-749.5690027694657,False,True
3,120,61063.72351549526,61063.72351549526,61063.72351549526,-1649.6389889311115,False,True
4,160,59976.48574381321,59976.48574381321,59976.48574381321,-1087.2377716820502,False,True
5,200,59398.109913232176,59398.109913232176,59398.109913232176,-578.3758305810335,False,True
6,240,58144.37863042183,58144.37863042183,58144.37863042183,-1253.7312828103456,False,True
7,280,56671.433164801536,56671.433164801536,56671.433164801536,-1472.9454656202972,False,True
8,320,55981.95759866346,55981.95759866346,55981.95759866346,-689.4755661380797,False,True
9,360,55191.101470721216,55191.101470721216,55191.101470721216,-790.8561279422424,False,True
10,400,54259.64806066652,54259.64806066652,54259.64806066652,-931.4534100546937,False,True
11,440,53786.41595739826,53786.41595739826,53786.41595739826,-473.23210326826165,False,True
12,480,53065.98580086049,53065.98580086049,53065.98580086049,-720.4301565377714,False,True
13,520,52319.77739574616,52319.77739574616,52319.77739574616,-746.2084051143285,False,True
14,560,51388.759871225746,51388.759871225746,51388.759871225746,-931.017524520415,False,True
15,600,50430.158308051236,50430.158308051236,50430.158308051236,-958.6015631745097,False,True
16,640,49789.3129293596,49789.3129293596,49789.3129293596,-640.8453786916355,False,True
17,680,49035.21605700547,49035.21605700547,49035.21605700547,-754.0968723541325,False,True
18,720,48199.09464724838,48199.09464724838,48199.09464724838,-836.1214097570955,False,True
19,760,47523.689717673784,47523.689717673784,47523.689717673784,-675.4049295745957,False,True
20,800,47120.83790244977,47120.83790244977,47120.83790244977,-402.85181522401206,False,True
21,840,46462.698950287835,46462.698950287835,46462.698950287835,-658.1389521619359,False,True
22,880,45650.208782076785,45650.208782076785,45650.208782076785,-812.4901682110528,False,True
23,920,45163.10688667765,45163.10688667765,45163.10688667765,-487.10189539913966,False,True
24,960,44858.66738353116,44858.66738353116,44858.66738353116,-304.4395031464899,False,True
25,1000,44646.597489580774,44646.597489580774,44646.597489580774,-212.0698939503872,False,True
26,1040,43802.482441033615,43802.482441033615,43802.482441033615,-844.1150485471603,False,True
27,1080,43024.46105295442,43024.46105295442,43024.46105295442,-778.0213880791933,False,True
28,1120,42734.248414818205,42734.248414818205,42734.248414818205,-290.21263813621806,False,True
29,1160,41986.561423888095,41986.561423888095,41986.561423888095,-747.6869909301088,False,True
30,1200,41255.53835992719,41255.53835992719,41255.53835992719,-731.0230639609097,False,True
31,1240,40777.367701117575,40777.367701117575,40777.367701117575,-478.1706588096154,False,True
32,1280,40521.228339342444,40521.228339342444,40521.228339342444,-256.1393617751322,False,True
33,1320,40316.64229391168,40316.64229391168,40316.64229391168,-204.58604543076217,False,True
34,1360,39851.63145221875,39851.63145221875,39851.63145221875,-465.01084169292835,False,True
35,1400,39044.99603437169,39044.99603437169,39044.99603437169,-806.6354178470611,False,True
36,1440,38504.677528865366,38504.677528865366,38504.677528865366,-540.3185055063203,False,True
37,1480,37952.92393377195,37952.92393377195,37952.92393377195,-551.7535950934196,False,True
38,1520,37382.97897269358,37382.97897269358,37382.97897269358,-569.9449610783684,False,True
39,1560,37194.082967648465,37194.082967648465,37194.082967648465,-188.89600504511031,False,True
40,1600,36759.57421995831,36759.57421995831,36759.57421995831,-434.5087476901507,False,True
41,1640,36479.46687423253,36479.46687423253,36479.46687423253,-280.10734572577974,False,True
42,1680,36195.573550738605,36195.573550738605,36195.573550738605,-283.8933234939268,False,True
43,1720,35809.713127245406,35809.713127245406,35809.713127245406,-385.86042349320223,False,True
44,1760,35141.404975746605,35141.404975746605,35141.404975746605,-668.3081514987983,False,True
45,1800,34507.509927478815,34507.509927478815,34507.509927478815,-633.8950482677928,False,True
46,1840,33939.290648980896,33939.290648980896,33939.290648980896,-568.2192784979192,False,True
47,1880,33511.22342694167,33511.22342694167,33511.22342694167,-428.06722203922334,False,True
48,1920,32968.694759363585,32968.694759363585,32968.694759363585,-542.5286675780859,False,True
49,1960,32593.74139713038,32593.74139713038,32593.74139713038,-374.95336223320646,False,True
50,2000,32281.987383793225,32281.987383793225,32281.987383793225,-311.754013337154,False,True
51,2040,32198.713945221363,32198.713945221363,32198.713945221363,-83.27343857186173,False,True
52,2080,31855.878519042126,31855.878519042126,31855.878519042126,-342.83542617923626,False,True
53,2120,31736.381168672957,31736.381168672957,31736.381168672957,-119.49735036916724,False,True
54,2160,31139.77522441408,31139.77522441408,31139.77522441408,-596.605944258879,False,True
55,2200,30813.57330752892,30813.57330752892,30813.57330752892,-326.20191688515706,False,True
56,2240,30494.482418758565,30494.482418758565,30494.482418758565,-319.09088877035447,False,True
57,2280,30230.610834894487,30230.610834894487,30230.610834894487,-263.8715838640794,False,True
58,2320,30084.19671182359,30084.19671182359,30084.19671182359,-146.41412307089377,False,True
59,2360,29921.578872758844,29921.578872758844,29921.578872758844,-162.617839064747,False,True
60,2400,29751.25818600936,29751.25818600936,29751.25818600936,-170.32068674948553,False,True
61,2440,29695.908823388803,29695.908823388803,29695.908823388803,-55.349362620557116,False,True
62,2480,29679.227918080043,29679.227918080043,29679.227918080043,-16.68090530876114,False,True
63,2520,29521.899181280685,29521.899181280685,29521.899181280685,-157.3287367993571,False,True
64,2560,29379.354312570056,29379.354312570056,29379.354312570056,-142.54486871062943,False,True
65,2600,29222.283959157965,29222.283959157965,29222.283959157965,-157.07035341209235,False,True
66,2640,29074.11598760741,29074.11598760741,29074.11598760741,-148.1679715505576,False,True
67,2680,28518.553700440763,28518.553700440763,28518.553700440763,-555.5622871666444,False,True
68,2720,27883.832070881297,27883.832070881297,27883.832070881297,-634.7216295594645,False,True
69,2760,27444.389218581295,27444.389218581295,27444.389218581295,-439.44285230000224,False,True
70,2800,27264.1914925373,27264.1914925373,27264.1914925373,-180.19772604399532,False,True
71,2840,27155.004561392445,27155.004561392445,27155.004561392445,-109.18693114485183,False,True
72,2880,27085.971261034498,27085.971261034498,27085.971261034498,-69.03330035794875,False,True
73,2920,27084.8245094808,27084.8245094808,27084.8245094808,-1.1467515536955943,False,True
74,2960,26940.23800164936,26940.23800164936,26940.23800164936,-144.58650783144336,False,True
75,3000,26901.95281265597,26901.95281265597,26901.95281265597,-38.28518899338661,False,True
76,3040,26430.49553061923,26430.49553061923,26430.49553061923,-471.457282036739,False,True
77,3080,26145.073899390627,26145.073899390627,26145.073899390627,-285.4216312286045,False,True
78,3120,26071.236230687387,26071.236230687387,26071.236230687387,-73.83766870323996,False,True
79,3160,25824.62761591984,25824.62761591984,25824.62761591984,-246.60861476754715,False,True
80,3200,25594.87568619876,25594.87568619876,25594.87568619876,-229.75192972107766,False,True
81,3240,25399.975577638827,25399.975577638827,25399.975577638827,-194.90010855993563,False,True
82,3280,25169.21426466391,25169.21426466391,25169.21426466391,-230.76131297491628,False,True
83,3320,25004.41263919077,25004.41263919077,25004.41263919077,-164.80162547313972,False,True
84,3360,24838.166998105135,24838.166998105135,24838.166998105135,-166.24564108563624,False,True
85,3400,24719.608068127647,24719.608068127647,24719.608068127647,-118.55892997748711,False,True
86,3440,24578.97879554294,24578.97879554294,24578.97879554294,-140.6292725847087,False,True
87,3480,24430.381125104817,24430.381125104817,24430.381125104817,-148.59767043812087,False,True
88,3520,24164.008749520024,24164.008749520024,24164.008749520024,-266.37237558479217,False,True
89,3560,24085.94082134194,24085.94082134194,24085.94082134194,-78.06792817808281,False,True
90,3600,23954.47884673301,23954.47884673301,23954.47884673301,-131.4619746089299,False,True
91,3640,23855.945378001074,23855.945378001074,23855.945378001074,-98.53346873193553,False,True
92,3680,23786.534721408974,23786.534721408974,23786.534721408974,-69.41065659210012,False,True
93,3720,23381.13514964755,23381.13514964755,23381.13514964755,-405.3995717614247,False,True
94,3760,22999.771657867674,22999.771657867674,22999.771657867674,-381.3634917798772,False,True
95,3800,22533.386748492172,22533.386748492172,22533.386748492172,-466.38490937550273,False,True
96,3840,22355.771610102915,22355.771610102915,22355.771610102915,-177.61513838925762,False,True
97,3880,22283.731403042253,22283.731403042253,22283.731403042253,-72.04020706065995,False,True
98,3920,22242.776685158697,22242.776685158697,22242.776685158697,-40.95471788355775,False,True
99,3960,22221.641549349424,22221.641549349424,22221.641549349424,-21.135135809274175,False,True
100,4000,22077.67017302032,22077.67017302032,22077.67017302032,-143.97137632910443,False,True
101,4040,22104.08813705279,22077.67017302032,22104.08813705279,26.417964032470394,False,False
102,4080,21957.701224087763,21957.701224087763,21957.701224087763,-146.3869129650255,False,True
103,4120,21952.400033670827,21952.400033670827,21952.400033670827,-5.301190416934787,False,True
104,4160,21681.61753244138,21681.61753244138,21681.61753244138,-270.782501229446,False,True
105,4200,21434.13692761769,21434.13692761769,21434.13692761769,-247.4806048236947,False,True
106,4240,21441.157554285193,21434.13692761769,21441.157554285193,7.0206266675047715,False,False
107,4280,21163.818031662693,21163.818031662693,21163.818031662693,-277.339522622501,False,True
108,4320,20816.042432256847,20816.042432256847,20816.042432256847,-347.77559940584706,False,True
109,4360,20692.170462781454,20692.170462781454,20692.170462781454,-123.87196947539087,False,True
110,4400,20516.7611352164,20516.7611352164,20516.7611352164,-175.40932756505555,False,True
111,4440,20377.616530490828,20377.616530490828,20377.616530490828,-139.14460472557138,False,True
112,4480,20277.7518780138,20277.7518780138,20277.7518780138,-99.86465247702776,False,True
113,4520,20213.64577491885,20213.64577491885,20213.64577491885,-64.10610309495235,False,True
114,4560,20248.086096809366,20213.64577491885,20248.086096809366,34.44032189051717,False,False
115,4600,20111.23984431127,20111.23984431127,20111.23984431127,-136.84625249809764,False,True
116,4640,19815.2091334981,19815.2091334981,19815.2091334981,-296.03071081316835,False,True
117,4680,19611.406991915672,19611.406991915672,19611.406991915672,-203.80214158242893,False,True
118,4720,19376.66418530189,19376.66418530189,19376.66418530189,-234.74280661378316,False,True
119,4760,19343.537995304785,19343.537995304785,19343.537995304785,-33.12618999710339,False,True
120,4800,19157.789211213767,19157.789211213767,19157.789211213767,-185.74878409101646,False,True
121,4840,19163.709045807966,19157.789211213767,19163.709045807966,5.919834594197027,False,False
122,4880,19303.898873609545,19157.789211213767,19303.898873609545,140.18982780157808,False,False
123,4920,19126.62925289124,19126.62925289124,19126.62925289124,-177.26962071830172,False,True
124,4960,19268.3218915585,19126.62925289124,19268.3218915585,141.6926386672559,False,False
125,5000,18982.70571558492,18982.70571558492,18982.70571558492,-285.6161759735779,False,True
126,5040,18829.166120606686,18829.166120606686,18829.166120606686,-153.53959497823578,False,True
127,5080,18834.43110776955,18829.166120606686,18834.43110776955,5.264987162862212,False,False
128,5120,18856.752732769757,18829.166120606686,18856.752732769757,22.321625000206325,False,False
129,5160,18725.70070011895,18725.70070011895,18725.70070011895,-131.0520326508094,False,True
130,5200,18496.542506001053,18496.542506001053,18496.542506001053,-229.15819411789516,False,True
131,5240,18669.153012332252,18496.542506001053,18669.153012332252,172.61050633119925,False,False
132,5280,18521.418867105192,18496.542506001053,18521.418867105192,-147.73414522705906,False,False
133,5320,18507.44742672013,18496.542506001053,18507.44742672013,-13.971440385062408,False,False
134,5360,18357.977443462838,18357.977443462838,18357.977443462838,-149.46998325729075,False,True
135,5400,18216.33881948487,18216.33881948487,18216.33881948487,-141.63862397796697,False,True
136,5440,18245.744681081822,18216.33881948487,18245.744681081822,29.40586159695289,False,False
137,5480,18188.829946727903,18188.829946727903,18188.829946727903,-56.91473435392018,False,True
138,5520,18233.26393240916,18188.829946727903,18233.26393240916,44.43398568125906,False,False
139,5560,18239.168072079916,18188.829946727903,18239.168072079916,5.9041396707550575,False,False
140,5600,18093.78134135806,18093.78134135806,18093.78134135806,-145.3867307218578,False,True
141,5640,18062.169811556712,18062.169811556712,18062.169811556712,-31.611529801346293,False,True
142,5680,18119.213378904024,18062.169811556712,18119.213378904024,57.04356734731115,False,False
143,5720,18062.469459508513,18062.169811556712,18062.469459508513,-56.74391939550975,False,False
144,5760,18018.035473827254,18018.035473827254,18018.035473827254,-44.43398568125903,True,True
145,5800,18024.128069163457,18018.035473827254,18024.128069163457,6.092595336201441,False,False
146,5840,17730.833962490782,17730.833962490782,17730.833962490782,-293.29410667267524,False,True
147,5880,17736.413615173155,17730.833962490782,17736.413615173155,5.57965268237345,False,False
148,5920,17749.0195111538,17730.833962490782,17749.0195111538,12.605895980648128,False,False
149,5960,17762.5281518007,17730.833962490782,17762.5281518007,13.50864064689793,False,False
150,6000,17700.97513436969,17700.97513436969,17700.97513436969,-61.55301743100833,False,True
151,6040,17447.934593728613,17447.934593728613,17447.934593728613,-253.04054064107973,False,True
152,6080,17528.569749598697,17447.934593728613,17528.569749598697,80.63515587008379,False,False
153,6120,17436.064390995387,17436.064390995387,17436.064390995387,-92.50535860331026,False,True
154,6160,17309.661807900186,17309.661807900186,17309.661807900186,-126.40258309520286,False,True
155,6200,17367.647666744062,17309.661807900186,17367.647666744062,57.98585884387491,False,False
156,6240,17214.205291609418,17214.205291609418,17214.205291609418,-153.44237513464253,False,True
157,6280,17233.862341831595,17214.205291609418,17233.862341831595,19.657050222174945,False,False
158,6320,17187.01900514663,17187.01900514663,17187.01900514663,-46.84333668496414,False,True
159,6360,17275.33148913068,17187.01900514663,17275.33148913068,88.3124839840488,False,False
160,6400,16992.490021341124,16992.490021341124,16992.490021341124,-282.8414677895548,False,True
161,6440,16861.14708779941,16861.14708779941,16861.14708779941,-131.34293354171268,False,True
162,6480,16789.830412515606,16789.830412515606,16789.830412515606,-71.3166752838048,False,True
163,6520,16726.300787078093,16726.300787078093,16726.300787078093,-63.52962543751369,False,True
164,6560,16729.76308051172,16726.300787078093,16729.76308051172,3.462293433627508,False,False
165,6600,16743.800480993053,16726.300787078093,16743.800480993053,14.037400481333293,False,False
166,6640,16641.684139747387,16641.684139747387,16641.684139747387,-102.11634124566558,True,True
167,6680,16466.917465836494,16466.917465836494,16466.917465836494,-174.76667391089273,False,True
168,6720,16268.137624598972,16268.137624598972,16268.137624598972,-198.77984123752123,False,True
169,6760,16253.396924737312,16253.396924737312,16253.396924737312,-14.740699861659834,False,True
170,6800,16225.845604435874,16225.845604435874,16225.845604435874,-27.55132030143858,False,True
171,6840,16053.235098104675,16053.235098104675,16053.235098104675,-172.61050633119925,False,True
172,6880,15825.192591135885,15825.192591135885,15825.192591135885,-228.04250696878947,False,True
173,6920,15602.65466232796,15602.65466232796,15602.65466232796,-222.53792880792494,False,True
174,6960,15609.126255667199,15602.65466232796,15609.126255667199,6.471593339239988,False,False
175,7000,15500.689455616402,15500.689455616402,15500.689455616402,-108.4368000507965,False,True
176,7040,15518.731806250975,15500.689455616402,15518.731806250975,18.042350634571648,False,False
177,7080,15488.976481931652,15488.976481931652,15488.976481931652,-29.755324319323904,True,True
178,7120,15496.830830358655,15488.976481931652,15496.830830358655,7.854348427002861,False,False
179,7160,15439.742823097497,15439.742823097497,15439.742823097497,-57.08800726115754,False,True
180,7200,15356.01749992466,15356.01749992466,15356.01749992466,-83.72532317283716,False,True
181,7240,15283.791207255448,15283.791207255448,15283.791207255448,-72.22629266921186,False,True
182,7280,15285.994738476573,15283.791207255448,15285.994738476573,2.203531221124564,False,False
183,7320,15199.993477581867,15199.993477581867,15199.993477581867,-86.00126089470504,False,True
184,7360,15196.148295370112,15196.148295370112,15196.148295370112,-3.845182211755173,False,True
185,7400,15185.000141913522,15185.000141913522,15185.000141913522,-11.14815345658971,False,True
186,7440,15039.207803795525,15039.207803795525,15039.207803795525,-145.7923381179979,False,True
187,7480,15133.84156643799,15039.207803795525,15133.84156643799,94.63376264246381,False,False
188,7520,15129.760571101277,15039.207803795525,15129.760571101277,-4.080995336713556,False,False
189,7560,15124.744332356659,15039.207803795525,15124.744332356659,-5.016238744618221,False,False
190,7600,15248.677105929368,15039.207803795525,15248.677105929368,123.93277357270944,False,False
191,7640,15285.629141372001,15039.207803795525,15285.629141372001,36.95203544263301,False,False
192,7680,15297.752976209711,15039.207803795525,15297.752976209711,12.123834837710035,False,False
193,7720,15296.036970658826,15039.207803795525,15296.036970658826,-1.716005550885427,False,False
194,7760,15112.174947841557,15039.207803795525,15112.174947841557,-183.8620228172698,False,False
195,7800,15106.4612163607,15039.207803795525,15106.4612163607,-5.713731480857575,False,False
196,7840,15102.554332883035,15039.207803795525,15102.554332883035,-3.9068834776638397,False,False
197,7880,14975.764406841672,14975.764406841672,14975.764406841672,-126.78992604136285,False,True
198,7920,14937.425704965712,14937.425704965712,14937.425704965712,-38.33870187596071,False,True
199,7960,14873.61695567319,14873.61695567319,14873.61695567319,-63.808749292521725,False,True
200,8000,14782.528915453484,14782.528915453484,14782.528915453484,-91.08804021970619,False,True
201,8040,14793.386654580507,14782.528915453484,14793.386654580507,10.857739127022299,False,False
202,8080,14790.90192879806,14782.528915453484,14790.90192879806,-2.4847257824449684,False,False
203,8120,14812.699566019774,14782.528915453484,14812.699566019774,21.79763722171225,False,False
204,8160,14611.261800367853,14611.261800367853,14611.261800367853,-201.43776565192007,False,True
205,8200,14573.18310427765,14573.18310427765,14573.18310427765,-38.078696090202556,False,True
206,8240,14445.118309338175,14445.118309338175,14445.118309338175,-128.06479493947575,False,True
207,8280,14339.999229607512,14339.999229607512,14339.999229607512,-105.11907973066246,False,True
208,8320,14489.435677635924,14339.999229607512,14489.435677635924,149.43644802841027,False,False
209,8360,14518.223425692324,14339.999229607512,14518.223425692324,28.787748056399366,False,False
210,8400,14446.845819106631,14339.999229607512,14446.845819106631,-71.37760658569317,False,False
211,8440,14488.43497655335,14339.999229607512,14488.43497655335,41.58915744671826,False,False
212,8480,14512.513447425381,14339.999229607512,14512.513447425381,24.07847087203099,False,False
213,8520,14499.232123678248,14339.999229607512,14499.232123678248,-13.281323747132674,False,False
214,8560,14425.36783162726,14339.999229607512,14425.36783162726,-73.86429205098784,False,False
215,8600,14364.329116921424,14339.999229607512,14364.329116921424,-61.03871470583475,False,False
216,8640,14327.377081478791,14327.377081478791,14327.377081478791,-36.952035442633004,False,True
217,8680,14309.057639826875,14309.057639826875,14309.057639826875,-18.319441651916947,False,True
218,8720,14305.858770141274,14305.858770141274,14305.858770141274,-3.1988696856010677,False,True
219,8760,14311.572501622131,14305.858770141274,14311.572501622131,5.713731480857575,False,False
220,8800,14291.508015991854,14291.508015991854,14291.508015991854,-20.064485630277787,False,True
221,8840,14275.126902826174,14275.126902826174,14275.126902826174,-16.38111316567941,False,True
222,8880,14253.303161026188,14253.303161026188,14253.303161026188,-21.823741799985953,False,True
223,8920,14218.469256869554,14218.469256869554,14218.469256869554,-34.83390415663416,True,True
224,8960,14253.094075577368,14218.469256869554,14253.094075577368,34.62481870781508,False,False
225,9000,14192.262283371396,14192.262283371396,14192.262283371396,-60.83179220597296,False,True
226,9040,14324.831811328178,14192.262283371396,14324.831811328178,132.5695279567826,False,False
227,9080,14345.063296271044,14192.262283371396,14345.063296271044,20.231484942865848,False,False
228,9120,14195.378318069685,14192.262283371396,14195.378318069685,-149.6849782013598,False,False
229,9160,14354.321026808295,14192.262283371396,14354.321026808295,158.94270873860964,False,False
230,9200,14293.319973316216,14192.262283371396,14293.319973316216,-61.00105349207854,False,False
231,9240,14268.123633531963,14192.262283371396,14268.123633531963,-25.19633978425449,False,False
232,9280,14122.672169486656,14122.672169486656,14122.672169486656,-145.45146404530783,False,True
233,9320,14166.41934108702,14122.672169486656,14166.41934108702,43.74717160036349,False,False
234,9360,14180.826518669312,14122.672169486656,14180.826518669312,14.407177582291581,False,False
235,9400,14386.53492136652,14122.672169486656,14386.53492136652,205.70840269720787,False,False
236,9440,14303.137534958465,14122.672169486656,14303.137534958465,-83.39738640805405,False,False
237,9480,14269.637735653358,14122.672169486656,14269.637735653358,-33.499799305106706,False,False
238,9520,14095.60296292162,14095.60296292162,14095.60296292162,-174.03477273173914,False,True
239,9560,14115.412917279164,14095.60296292162,14115.412917279164,19.80995435754511,False,False
240,9600,14243.764335661364,14095.60296292162,14243.764335661364,128.3514183822,False,False
241,9640,14267.931103326964,14095.60296292162,14267.931103326964,24.16676766559911,False,False
242,9680,14317.020076306098,14095.60296292162,14317.020076306098,49.088972979134525,False,False
243,9720,14160.808485781823,14095.60296292162,14160.808485781823,-156.21159052427546,False,False
244,9760,14145.102790377645,14095.60296292162,14145.102790377645,-15.70569540417867,False,False
245,9800,14198.128744032043,14095.60296292162,14198.128744032043,53.025953654397526,False,False
246,9840,13897.588721326383,13897.588721326383,13897.588721326383,-300.5400227056596,False,True
247,9880,13855.293822042233,13855.293822042233,13855.293822042233,-42.29489928415086,True,True
248,9920,13833.41672391816,13833.41672391816,13833.41672391816,-21.877098124072035,False,True
249,9960,13804.518350857823,13804.518350857823,13804.518350857823,-28.8983730603383,False,True
250,10000,13839.867734875617,13804.518350857823,13839.867734875617,35.34938401779422,False,False
251,10040,13858.666798055649,13804.518350857823,13858.666798055649,18.799063180031908,False,False
252,10080,14016.719759106141,13804.518350857823,14016.719759106141,158.05296105049337,False,False
253,10120,13982.130329961688,13804.518350857823,13982.130329961688,-34.58942914445298,False,False
254,10160,14242.571194823255,13804.518350857823,14242.571194823255,260.4408648615669,False,False
255,10200,14067.558154317661,13804.518350857823,14067.558154317661,-175.0130405055926,False,False
256,10240,14102.812285358768,13804.518350857823,14102.812285358768,35.25413104110777,False,False
257,10280,14149.412080020633,13804.518350857823,14149.412080020633,46.59979466186361,False,False
258,10320,14156.233950007207,13804.518350857823,14156.233950007207,6.821869986573859,False,False
259,10360,14245.336261421598,13804.518350857823,14245.336261421598,89.10231141439118,False,False
260,10400,14174.02614850664,13804.518350857823,14174.02614850664,-71.31011291495784,False,False
261,10440,14176.680164843727,13804.518350857823,14176.680164843727,2.6540163370857073,False,False
262,10480,14309.244542599969,13804.518350857823,14309.244542599969,132.5643777562414,False,False
263,10520,14322.72878281301,13804.518350857823,14322.72878281301,13.484240213040778,False,False
264,10560,14220.005547309367,13804.518350857823,14220.005547309367,-102.72323550364231,False,False
265,10600,14213.13556098271,13804.518350857823,14213.13556098271,-6.869986326657795,False,False
266,10640,14227.743954883046,13804.518350857823,14227.743954883046,14.608393900336246,False,False
267,10680,14218.628169415597,13804.518350857823,14218.628169415597,-9.115785467448944,False,False
268,10720,14356.426261033055,13804.518350857823,14356.426261033055,137.7980916174581,False,False
269,10760,14237.896184644282,13804.518350857823,14237.896184644282,-118.53007638877355,False,False
270,10800,14432.175861951082,13804.518350857823,14432.175861951082,194.27967730679953,False,False
271,10840,14472.12980062591,13804.518350857823,14472.12980062591,39.95393867482766,False,False
272,10880,14533.380318588072,13804.518350857823,14533.380318588072,61.25051796216181,False,False
273,10920,14533.01961678051,13804.518350857823,14533.01961678051,-0.3607018075625916,False,False
274,10960,14492.535217407838,13804.518350857823,14492.535217407838,-40.48439937267182,False,False
275,11000,14617.011626462685,13804.518350857823,14617.011626462685,124.47640905484673,False,False
276,11040,14581.474947551269,13804.518350857823,14581.474947551269,-35.536678911416686,False,False
277,11080,14528.215294747171,13804.518350857823,14528.215294747171,-53.259652804096845,False,False
278,11120,14680.636362036868,13804.518350857823,14680.636362036868,152.42106728969785,False,False
279,11160,14580.578463463393,13804.518350857823,14580.578463463393,-100.05789857347597,False,False
280,11200,14559.602107848199,13804.518350857823,14559.602107848199,-20.976355615194002,False,False
281,11240,14542.48234614654,13804.518350857823,14542.48234614654,-17.119761701659115,False,False
282,11280,14456.593356199723,13804.518350857823,14456.593356199723,-85.88898994681693,False,False
283,11320,14463.494367517811,13804.518350857823,14463.494367517811,6.901011318087967,False,False
284,11360,14387.37033108111,13804.518350857823,14387.37033108111,-76.12403643670078,False,False
285,11400,14386.501333146027,13804.518350857823,14386.501333146027,-0.868997935083982,False,False
286,11440,14326.241512009812,13804.518350857823,14326.241512009812,-60.25982113621376,False,False
287,11480,14296.141030941375,13804.518350857823,14296.141030941375,-30.100481068437006,False,False
288,11520,14294.8908180892,13804.518350857823,14294.8908180892,-1.2502128521762188,False,False
289,11560,14214.674468735455,13804.518350857823,14214.674468735455,-80.21634935374385,False,False
290,11600,14214.674468735455,13804.518350857823,14214.674468735455,0.0,False,False
291,11640,14248.338091332826,13804.518350857823,14248.338091332826,33.663622597369965,False,False
292,11680,14275.265210774183,13804.518350857823,14275.265210774183,26.92711944135729,False,False
293,11720,14289.94342100649,13804.518350857823,14289.94342100649,14.678210232307393,False,False
294,11760,14104.001234443575,13804.518350857823,14104.001234443575,-185.94218656291474,False,False
295,11800,14148.890843703726,13804.518350857823,14148.890843703726,44.889609260151076,False,False
296,11840,14339.176527433157,13804.518350857823,14339.176527433157,190.2856837294305,False,False
297,11880,14316.582335077308,13804.518350857823,14316.582335077308,-22.594192355850083,False,False
298,11920,14347.517833551557,13804.518350857823,14347.517833551557,30.93549847424932,False,False
299,11960,14283.336472120971,13804.518350857823,14283.336472120971,-64.18136143058604,False,False
300,12000,14315.17807392877,13804.518350857823,14315.17807392877,31.841601807798895,False,False
301,12040,14317.982294258934,13804.518350857823,14317.982294258934,2.8042203301642417,False,False
302,12080,14292.295314276524,13804.518350857823,14292.295314276524,-25.686979982410733,False,False
303,12120,14265.522875475823,13804.518350857823,14265.522875475823,-26.77243880070131,False,False
304,12160,14419.221020950417,13804.518350857823,14419.221020950417,153.69814547459458,False,False
305,12200,14426.176627774848,13804.518350857823,14426.176627774848,6.955606824430959,False,False
306,12240,14437.360000822953,13804.518350857823,14437.360000822953,11.183373048104553,False,False
307,12280,14347.197012953467,13804.518350857823,14347.197012953467,-90.16298786948505,False,False
308,12320,14401.98087262087,13804.518350857823,14401.98087262087,54.783859667402616,False,False
309,12360,14418.144934477541,13804.518350857823,14418.144934477541,16.164061856670713,False,False
310,12400,14346.311703867732,13804.518350857823,14346.311703867732,-71.8332306098095,False,False
311,12440,14364.35851411982,13804.518350857823,14364.35851411982,18.046810252089017,False,False
312,12480,14356.399104920492,13804.518350857823,14356.399104920492,-7.959409199326743,False,False
313,12520,14290.314129280518,13804.518350857823,14290.314129280518,-66.08497563997403,False,False
314,12560,14278.242113219898,13804.518350857823,14278.242113219898,-12.072016060619234,False,False
315,12600,14196.801941086296,13804.518350857823,14196.801941086296,-81.44017213360118,False,False
316,12640,14150.202146424432,13804.518350857823,14150.202146424432,-46.599794661863626,False,False
317,12680,14146.957427081012,13804.518350857823,14146.957427081012,-3.2447193434200585,False,False
318,12720,14209.273740953953,13804.518350857823,14209.273740953953,62.31631387294233,False,False
319,12760,14226.132954961815,13804.518350857823,14226.132954961815,16.859214007861524,False,False
320,12800,14246.509861164972,13804.518350857823,14246.509861164972,20.37690620315638,False,False
321,12840,14299.342233144263,13804.518350857823,14299.342233144263,52.832371979292304,False,False
322,12880,14298.407801554873,13804.518350857823,14298.407801554873,-0.9344315893908828,False,False
323,12920,14198.184148212978,13804.518350857823,14198.184148212978,-100.22365334189439,False,False
324,12960,14194.106118687532,13804.518350857823,14194.106118687532,-4.078029525446425,False,False
325,13000,14278.868461787475,13804.518350857823,14278.868461787475,84.76234309994331,False,False
326,13040,14389.334264502915,13804.518350857823,14389.334264502915,110.46580271543962,False,False
327,13080,14454.183901116405,13804.518350857823,14454.183901116405,64.84963661348958,False,False
328,13120,14357.121211081105,13804.518350857823,14357.121211081105,-97.06269003530028,False,False
329,13160,14118.228647099475,13804.518350857823,14118.228647099475,-238.89256398162942,False,False
330,13200,14213.957341294308,13804.518350857823,14213.957341294308,95.72869419483288,False,False
331,13240,14246.932401442107,13804.518350857823,14246.932401442107,32.97506014779873,False,False
332,13280,14213.45340250313,13804.518350857823,14213.45340250313,-33.47899893897744,False,False
333,13320,14218.267935257787,13804.518350857823,14218.267935257787,4.814532754656447,False,False
334,13360,14215.544407106301,13804.518350857823,14215.544407106301,-2.723528151485084,False,False
335,13400,14286.998262463516,13804.518350857823,14286.998262463516,71.45385535721489,False,False
336,13440,14314.546969229032,13804.518350857823,14314.546969229032,27.548706765515018,False,False
337,13480,14253.817879525095,13804.518350857823,14253.817879525095,-60.72908970393627,False,False
338,13520,14206.17231268209,13804.518350857823,14206.17231268209,-47.645566843004346,False,False
339,13560,14208.95173754156,13804.518350857823,14208.95173754156,2.7794248594692874,False,False
340,13600,14171.643478298705,13804.518350857823,14171.643478298705,-37.30825924285375,False,False
341,13640,14079.130900056225,13804.518350857823,14079.130900056225,-92.5125782424805,False,False
342,13680,13910.490269219583,13804.518350857823,13910.490269219583,-168.64063083664277,False,False
343,13720,13867.990523750837,13804.518350857823,13867.990523750837,-42.49974546874569,False,False
344,13760,13738.876797117766,13738.876797117766,13738.876797117766,-129.11372663307185,False,True
345,13800,13718.482526134447,13718.482526134447,13718.482526134447,-20.394270983319416,False,True
346,13840,13827.29894470419,13718.482526134447,13827.29894470419,108.81641856974176,False,False
347,13880,13783.65298178853,13718.482526134447,13783.65298178853,-43.64596291566063,False,False
348,13920,13810.252453094181,13718.482526134447,13810.252453094181,26.599471305651548,False,False
349,13960,13875.398308529242,13718.482526134447,13875.398308529242,65.1458554350618,False,False
350,14000,13821.62505304917,13718.482526134447,13821.62505304917,-53.773255480071015,False,False
351,14040,13827.274108318385,13718.482526134447,13827.274108318385,5.649055269213335,False,False
352,14080,13757.288525991582,13718.482526134447,13757.288525991582,-69.98558232680188,False,False
353,14120,13649.260122403568,13649.260122403568,13649.260122403568,-108.0284035880145,False,True
354,14160,13561.412239370358,13561.412239370358,13561.412239370358,-87.84788303321008,False,True
355,14200,13483.387557516655,13483.387557516655,13483.387557516655,-78.02468185370329,False,True
356,14240,13474.147373494225,13474.147373494225,13474.147373494225,-9.240184022430867,False,True
357,14280,13450.612058767574,13450.612058767574,13450.612058767574,-23.53531472665034,True,True
358,14320,13524.332470869165,13450.612058767574,13524.332470869165,73.72041210159094,False,False
359,14360,13656.51093253532,13450.612058767574,13656.51093253532,132.17846166615567,False,False
360,14400,13629.375080401262,13450.612058767574,13629.375080401262,-27.135852134058098,False,False
361,14440,13569.776687979203,13450.612058767574,13569.776687979203,-59.598392422059064,False,False
362,14480,13569.249393351029,13450.612058767574,13569.249393351029,-0.5272946281747295,False,False
363,14520,13480.69433822008,13450.612058767574,13480.69433822008,-88.5550551309471,False,False
364,14560,13426.65525651849,13426.65525651849,13426.65525651849,-54.03908170158971,False,True
365,14600,13541.652384138204,13426.65525651849,13541.652384138204,114.9971276197131,False,False
366,14640,13542.423154703964,13426.65525651849,13542.423154703964,0.7707705657598733,False,False
367,14680,13537.386187905677,13426.65525651849,13537.386187905677,-5.036966798287665,False,False
368,14720,13610.205895141276,13426.65525651849,13610.205895141276,72.81970723559908,False,False
369,14760,13572.432510061311,13426.65525651849,13572.432510061311,-37.773385079964626,False,False
370,14800,13393.162213330763,13393.162213330763,13393.162213330763,-179.2702967305478,False,True
371,14840,13387.828042684561,13387.828042684561,13387.828042684561,-5.334170646201969,False,True
372,14880,13390.940117210415,13387.828042684561,13390.940117210415,3.1120745258544673,False,False
373,14920,13452.286785370954,13387.828042684561,13452.286785370954,61.34666816053924,False,False
374,14960,13514.189818812949,13387.828042684561,13514.189818812949,61.90303344199408,False,False
375,15000,13514.189818812949,13387.828042684561,13514.189818812949,-7.105427357601002e-15,False,False
376,15040,13491.878232729983,13387.828042684561,13491.878232729983,-22.311586082965675,False,False
377,15080,13669.074751912485,13387.828042684561,13669.074751912485,177.196519182502,False,False
378,15120,13640.35994246143,13387.828042684561,13640.35994246143,-28.71480945105492,False,False
379,15160,13683.402186647869,13387.828042684561,13683.402186647869,43.04224418643989,False,False
380,15200,13634.04865753873,13387.828042684561,13634.04865753873,-49.353529109138435,False,False
381,15240,13387.682765918124,13387.682765918124,13387.682765918124,-246.3658916206055,False,True
382,15280,13306.831887959217,13306.831887959217,13306.831887959217,-80.8508779589065,False,True
383,15320,13312.03071422833,13306.831887959217,13312.03071422833,5.1988262691131695,False,False
384,15360,13369.845653517676,13306.831887959217,13369.845653517676,57.81493928934427,False,False
385,15400,13497.596684800226,13306.831887959217,13497.596684800226,127.75103128255017,False,False
386,15440,13556.060678209124,13306.831887959217,13556.060678209124,58.46399340889698,False,False
387,15480,13647.45383407296,13306.831887959217,13647.45383407296,91.39315586383522,False,False
388,15520,13567.203167159687,13306.831887959217,13567.203167159687,-80.25066691327307,False,False
389,15560,13530.251273500317,13306.831887959217,13530.251273500317,-36.95189365937023,False,False
390,15600,13432.731270996432,13306.831887959217,13432.731270996432,-97.52000250388454,False,False
391,15640,13461.928770076402,13306.831887959217,13461.928770076402,29.197499079969077,False,False
392,15680,13492.645793746295,13306.831887959217,13492.645793746295,30.717023669893763,False,False
393,15720,13357.178493592279,13306.831887959217,13357.178493592279,-135.46730015401536,False,False
394,15760,13403.099559941062,13306.831887959217,13403.099559941062,45.92106634878293,False,False
395,15800,13394.935126970278,13306.831887959217,13394.935126970278,-8.16443297078338,False,False
396,15840,13478.186889761342,13306.831887959217,13478.186889761342,83.25176279106307,False,False
397,15880,13478.186889761342,13306.831887959217,13478.186889761342,0.0,False,False
398,15920,13416.840221600803,13306.831887959217,13416.840221600803,-61.34666816053926,False,False
399,15960,13504.957273221567,13306.831887959217,13504.957273221567,88.11705162076343,False,False
400,16000,13572.899715435207,13306.831887959217,13572.899715435207,67.94244221364004,False,False
401,16040,13580.488379756369,13306.831887959217,13580.488379756369,7.588664321161545,False,False
402,16080,13490.989848327874,13306.831887959217,13490.989848327874,-89.49853142849554,False,False
403,16120,13712.894467423492,13306.831887959217,13712.894467423492,221.90461909561725,False,False
404,16160,13710.129268830675,13306.831887959217,13710.129268830675,-2.765198592816546,False,False
405,16200,13613.284348558924,13306.831887959217,13613.284348558924,-96.84492027175112,False,False
406,16240,13477.962798767967,13306.831887959217,13477.962798767967,-135.32154979095628,False,False
407,16280,13480.863247578476,13306.831887959217,13480.863247578476,2.90044881051017,False,False
408,16320,13420.569126396946,13306.831887959217,13420.569126396946,-60.29412118152976,False,False
409,16360,13432.641142457565,13306.831887959217,13432.641142457565,12.072016060619234,False,False
410,16400,13414.33290312071,13306.831887959217,13414.33290312071,-18.30823933685474,False,False
411,16440,13263.453333519235,13263.453333519235,13263.453333519235,-150.87956960147412,False,True
412,16480,13224.237638169856,13224.237638169856,13224.237638169856,-39.215695349379544,False,True
413,16520,13410.565954916645,13224.237638169856,13410.565954916645,186.32831674678928,False,False
414,16560,13360.747303796074,13224.237638169856,13360.747303796074,-49.81865112057105,False,False
415,16600,13364.856462644577,13224.237638169856,13364.856462644577,4.109158848503768,False,False
416,16640,13365.386653974896,13224.237638169856,13365.386653974896,0.5301913303188996,False,False
417,16680,13339.847997469606,13224.237638169856,13339.847997469606,-25.53865650529127,False,False
418,16720,13541.049126953161,13224.237638169856,13541.049126953161,201.2011294835559,False,False
419,16760,13595.450916386626,13224.237638169856,13595.450916386626,54.40178943346562,False,False
420,16800,13604.725268288103,13224.237638169856,13604.725268288103,9.274351901477132,False,False
421,16840,13668.059039601929,13224.237638169856,13668.059039601929,63.333771313826546,False,False
422,16880,13732.344598308757,13224.237638169856,13732.344598308757,64.28555870682749,False,False
423,16920,13715.238141555794,13224.237638169856,13715.238141555794,-17.106456752962544,False,False
424,16960,13803.22960965628,13224.237638169856,13803.22960965628,87.99146810048617,False,False
425,17000,13681.308318497235,13224.237638169856,13681.308318497235,-121.92129115904609,False,False
426,17040,13641.62746880192,13224.237638169856,13641.62746880192,-39.68084969531382,False,False
427,17080,13765.0956186376,13224.237638169856,13765.0956186376,123.46814983568046,False,False
428,17120,13858.747673449112,13224.237638169856,13858.747673449112,93.65205481151075,False,False
429,17160,13958.996056693546,13224.237638169856,13958.996056693546,100.24838324443454,False,False
430,17200,13840.509025313206,13224.237638169856,13840.509025313206,-118.48703138034091,False,False
431,17240,13640.648141984724,13224.237638169856,13640.648141984724,-199.86088332848075,False,False
432,17280,13704.946639963902,13224.237638169856,13704.946639963902,64.29849797917791,False,False
433,17320,13696.77648121216,13224.237638169856,13696.77648121216,-8.170158751742406,False,False
434,17360,13739.882965363504,13224.237638169856,13739.882965363504,43.106484151343125,False,False
435,17400,13583.517815470988,13224.237638169856,13583.517815470988,-156.36514989251557,False,False
436,17440,13390.6029032553,13224.237638169856,13390.6029032553,-192.91491221568884,False,False
437,17480,13454.233287049636,13224.237638169856,13454.233287049636,63.630383794336865,False,False
438,17520,13431.012946238827,13224.237638169856,13431.012946238827,-23.220340810808636,False,False
439,17560,13592.894784402013,13224.237638169856,13592.894784402013,161.88183816318582,False,False
440,17600,13750.45182012419,13224.237638169856,13750.45182012419,157.55703572217647,False,False
441,17640,13742.647540185122,13224.237638169856,13742.647540185122,-7.804279939067186,False,False
442,17680,13923.690681806956,13224.237638169856,13923.690681806956,181.0431416218337,False,False
443,17720,13848.818039857302,13224.237638169856,13848.818039857302,-74.87264194965448,False,False
444,17760,13557.130252819761,13224.237638169856,13557.130252819761,-291.68778703754145,False,False
445,17800,13654.82879871023,13224.237638169856,13654.82879871023,97.69854589046925,False,False
446,17840,13643.484233848274,13224.237638169856,13643.484233848274,-11.344564861956655,False,False
447,17880,13611.909938866647,13224.237638169856,13611.909938866647,-31.574294981627645,False,False
448,17920,13570.752123991726,13224.237638169856,13570.752123991726,-41.157814874922195,False,False
449,17960,13528.333982123966,13224.237638169856,13528.333982123966,-42.41814186776026,False,False
450,18000,13573.754292402327,13224.237638169856,13573.754292402327,45.42031027836208,False,False
451,18040,13612.310970590801,13224.237638169856,13612.310970590801,38.55667818847313,False,False
452,18080,13537.859190611813,13224.237638169856,13537.859190611813,-74.45177997898865,False,False
453,18120,13582.497486436248,13224.237638169856,13582.497486436248,44.638295824434906,False,False
454,18160,13831.897385494116,13224.237638169856,13831.897385494116,249.39989905786783,False,False
455,18200,13823.576212660559,13224.237638169856,13823.576212660559,-8.321172833557753,False,False
456,18240,13645.265633275096,13224.237638169856,13645.265633275096,-178.31057938546286,False,False
457,18280,13709.774006038968,13224.237638169856,13709.774006038968,64.50837276387182,False,False
458,18320,13674.658206233433,13224.237638169856,13674.658206233433,-35.115799805535175,False,False
459,18360,13507.99748426073,13224.237638169856,13507.99748426073,-166.6607219727021,False,False
460,18400,13327.036143691139,13224.237638169856,13327.036143691139,-180.96134056959053,False,False
461,18440,13238.918127583613,13224.237638169856,13238.918127583613,-88.1180161075268,False,False
462,18480,13076.429038097622,13076.429038097622,13076.429038097622,-162.48908948599143,False,True
463,18520,13162.258650855516,13076.429038097622,13162.258650855516,85.82961275789401,False,False
464,18560,13414.63983153501,13076.429038097622,13414.63983153501,252.3811806794941,False,False
465,18600,13501.14109087695,13076.429038097622,13501.14109087695,86.50125934194,False,False
466,18640,13762.912811676788,13076.429038097622,13762.912811676788,261.7717207998376,False,False
467,18680,13590.890922538054,13076.429038097622,13590.890922538054,-172.02188913873462,False,False
468,18720,13715.223455556314,13076.429038097622,13715.223455556314,124.33253301825982,False,False
469,18760,13759.191429856755,13076.429038097622,13759.191429856755,43.96797430044201,False,False
470,18800,13795.502693485712,13076.429038097622,13795.502693485712,36.31126362895631,False,False
471,18840,13847.358014181793,13076.429038097622,13847.358014181793,51.85532069608115,False,False
472,18880,13862.400956215437,13076.429038097622,13862.400956215437,15.042942033643882,False,False
473,18920,13909.399552707044,13076.429038097622,13909.399552707044,46.99859649160666,False,False
474,18960,13883.414237822959,13076.429038097622,13883.414237822959,-25.9853148840848,False,False
475,19000,13869.185377514548,13076.429038097622,13869.185377514548,-14.228860308410788,False,False
476,19040,13876.398339950509,13076.429038097622,13876.398339950509,7.212962435959803,False,False
477,19080,14002.807549824029,13076.429038097622,14002.807549824029,126.40920987352014,False,False
478,19120,13843.138451558409,13076.429038097622,13843.138451558409,-159.66909826562,False,False
479,19160,13789.093511051437,13076.429038097622,13789.093511051437,-54.044940506971784,False,False
480,19200,14028.213295601148,13076.429038097622,14028.213295601148,239.1197845497114,False,False
481,19240,14124.709531688717,13076.429038097622,14124.709531688717,96.49623608756816,False,False
482,19280,14124.337001322276,13076.429038097622,14124.337001322276,-0.3725303664409978,False,False
483,19320,14177.571623885451,13076.429038097622,14177.571623885451,53.23462256317572,False,False
484,19360,14126.287162608087,13076.429038097622,14126.287162608087,-51.284461277364926,False,False
485,19400,14093.218345086763,13076.429038097622,14093.218345086763,-33.06881752132392,False,False
486,19440,14092.67939572279,13076.429038097622,14092.67939572279,-0.5389493639737566,False,False
487,19480,14093.816020626313,13076.429038097622,14093.816020626313,1.136624903524119,False,False
488,19520,13847.740441702583,13076.429038097622,13847.740441702583,-246.0755789237292,False,False
489,19560,13807.482606853278,13076.429038097622,13807.482606853278,-40.257834849304096,False,False
490,19600,13805.323259105016,13076.429038097622,13805.323259105016,-2.1593477482612684,False,False
491,19640,13731.649893677215,13076.429038097622,13731.649893677215,-73.67336542780112,False,False
492,19680,13758.88723138234,13076.429038097622,13758.88723138234,27.23733770512375,False,False
493,19720,13770.37459725701,13076.429038097622,13770.37459725701,11.487365874671077,False,False
494,19760,13912.027589695908,13076.429038097622,13912.027589695908,141.65299243889783,False,False
495,19800,13995.639536352779,13076.429038097622,13995.639536352779,83.61194665687103,False,False
496,19840,14053.87553641572,13076.429038097622,14053.87553641572,58.23600006294208,False,False
497,19880,14027.534406989436,13076.429038097622,14027.534406989436,-26.34112942628343,False,False
498,19920,13861.655326915534,13076.429038097622,13861.655326915534,-165.8790800739031,False,False
499,19960,13944.186190517908,13076.429038097622,13944.186190517908,82.53086360237396,False,False
500,20000,13943.486080543345,13076.429038097622,13943.486080543345,-0.7001099745636168,False,False
