iteration,current_cmax,best_cmax,candidate_cmax,move_i,move_j,tabu_used,improved_best,objective_evaluations
1,30392,30392,30392,132,222,False,True,40
2,30277,30277,30277,378,443,False,True,80
3,30184,30184,30184,75,266,False,True,120
4,30136,30136,30136,109,380,False,True,160
5,30040,30040,30040,53,358,False,True,200
6,29964,29964,29964,11,478,False,True,240
7,29915,29915,29915,214,474,False,True,280
8,29812,29812,29812,224,492,False,True,320
9,29737,29737,29737,367,399,False,True,360
10,29691,29691,29691,58,280,False,True,400
11,29634,29634,29634,109,495,False,True,440
12,29584,29584,29584,139,274,False,True,480
13,29525,29525,29525,100,281,False,True,520
14,29461,29461,29461,253,436,False,True,560
15,29394,29394,29394,159,318,False,True,600
16,29360,29360,29360,20,260,False,True,640
17,29304,29304,29304,156,497,False,True,680
18,29229,29229,29229,148,310,False,True,720
19,29201,29201,29201,322,480,False,True,760
20,29146,29146,29146,96,302,False,True,800
21,29096,29096,29096,138,488,False,True,840
22,29060,29060,29060,136,388,False,True,880
23,29020,29020,29020,64,402,False,True,920
24,29020,29020,29020,214,237,False,False,960
25,29019,29019,29019,5,496,False,True,1000
26,28988,28988,28988,19,328,False,True,1040
27,28973,28973,28973,233,320,False,True,1080
28,28952,28952,28952,301,464,False,True,1120
29,28899,28899,28899,281,305,False,True,1160
30,28869,28869,28869,79,240,False,True,1200
31,28841,28841,28841,7,420,False,True,1240
32,28824,28824,28824,2,155,False,True,1280
33,28771,28771,28771,196,489,False,True,1320
34,28750,28750,28750,71,153,False,True,1360
35,28750,28750,28750,371,372,False,False,1400
36,28728,28728,28728,42,117,False,True,1440
37,28728,28728,28728,17,107,False,False,1480
38,28717,28717,28717,311,453,False,True,1520
39,28694,28694,28694,203,456,False,True,1560
40,28665,28665,28665,105,319,False,True,1600
41,28634,28634,28634,0,371,False,True,1640
42,28602,28602,28602,81,242,False,True,1680
43,28576,28576,28576,345,407,False,True,1720
44,28558,28558,28558,229,352,False,True,1760
45,28559,28558,28559,429,439,False,False,1800
46,28553,28553,28553,43,499,False,True,1840
47,28524,28524,28524,11,145,False,True,1880
48,28492,28492,28492,84,471,False,True,1920
49,28457,28457,28457,129,203,False,True,1960
50,28424,28424,28424,42,469,False,True,2000
51,28373,28373,28373,73,300,False,True,2040
52,28353,28353,28353,0,3,False,True,2080
53,28339,28339,28339,193,238,False,True,2120
54,28339,28339,28339,87,93,False,False,2160
55,28330,28330,28330,343,359,False,True,2200
56,28330,28330,28330,403,440,False,False,2240
57,28330,28330,28330,354,437,False,False,2280
58,28309,28309,28309,66,119,False,True,2320
59,28293,28293,28293,183,433,False,True,2360
60,28286,28286,28286,213,274,False,True,2400
61,28263,28263,28263,78,206,False,True,2440
62,28263,28263,28263,350,425,False,False,2480
63,28252,28252,28252,39,491,False,True,2520
64,28230,28230,28230,4,239,False,True,2560
65,28205,28205,28205,209,229,False,True,2600
66,28196,28196,28196,125,126,False,True,2640
67,28193,28193,28193,344,383,False,True,2680
68,28189,28189,28189,315,430,False,True,2720
69,28170,28170,28170,25,476,False,True,2760
70,28166,28166,28166,74,360,False,True,2800
71,28163,28163,28163,465,471,False,True,2840
72,28154,28154,28154,148,281,False,True,2880
73,28150,28150,28150,30,318,False,True,2920
74,28149,28149,28149,239,445,False,True,2960
75,28141,28141,28141,5,256,False,True,3000
76,28141,28141,28141,101,118,False,False,3040
77,28137,28137,28137,220,233,False,True,3080
78,28137,28137,28137,222,226,False,False,3120
79,28133,28133,28133,0,233,False,True,3160
80,28133,28133,28133,189,198,False,False,3200
81,28133,28133,28133,180,228,False,False,3240
82,28124,28124,28124,116,149,False,True,3280
83,28107,28107,28107,109,178,False,True,3320
84,28100,28100,28100,140,167,False,True,3360
85,28073,28073,28073,47,161,False,True,3400
86,28072,28072,28072,468,483,False,True,3440
87,28070,28070,28070,45,334,False,True,3480
88,28070,28070,28070,283,293,False,False,3520
89,28070,28070,28070,120,128,False,False,3560
90,28068,28068,28068,19,133,False,True,3600
91,28054,28054,28054,9,12,False,True,3640
92,28054,28054,28054,279,284,False,False,3680
93,28054,28054,28054,174,189,False,False,3720
94,28048,28048,28048,287,345,False,True,3760
95,28048,28048,28048,16,26,False,False,3800
96,28018,28018,28018,211,402,False,True,3840
97,28013,28013,28013,156,222,False,True,3880
98,28007,28007,28007,91,235,False,True,3920
99,27980,27980,27980,1,111,False,True,3960
100,27972,27972,27972,156,230,False,True,4000
101,27969,27969,27969,295,359,False,True,4040
102,27969,27969,27969,74,89,False,False,4080
103,27969,27969,27969,270,281,False,False,4120
104,27969,27969,27969,312,316,False,False,4160
105,27978,27969,27978,410,498,False,False,4200
106,27973,27969,27973,310,358,False,False,4240
107,27973,27969,27973,73,151,False,False,4280
108,27979,27969,27979,261,274,False,False,4320
109,27973,27969,27973,401,415,False,False,4360
110,27963,27963,27963,353,386,False,True,4400
111,27963,27963,27963,56,66,False,False,4440
112,27963,27963,27963,402,435,False,False,4480
113,27952,27952,27952,107,151,False,True,4520
114,27952,27952,27952,409,413,False,False,4560
115,27952,27952,27952,5,10,False,False,4600
116,27952,27952,27952,437,473,False,False,4640
117,27936,27936,27936,385,402,False,True,4680
118,27933,27933,27933,191,264,False,True,4720
119,27933,27933,27933,173,185,False,False,4760
120,27933,27933,27933,49,53,False,False,4800
121,27947,27933,27947,226,498,False,False,4840
122,27939,27933,27939,174,195,False,False,4880
123,27939,27933,27939,57,63,False,False,4920
124,27941,27933,27941,26,227,False,False,4960
125,27941,27933,27941,62,67,False,False,5000
126,27939,27933,27939,211,284,False,False,5040
127,27932,27932,27932,115,427,False,True,5080
128,27929,27929,27929,355,400,False,True,5120
129,27929,27929,27929,91,94,False,False,5160
130,27917,27917,27917,316,358,False,True,5200
131,27917,27917,27917,312,359,False,False,5240
132,27909,27909,27909,442,455,False,True,5280
133,27901,27901,27901,66,268,False,True,5320
134,27892,27892,27892,432,436,False,True,5360
135,27885,27885,27885,411,484,False,True,5400
136,27885,27885,27885,148,169,False,False,5440
137,27890,27885,27890,415,468,False,False,5480
138,27888,27885,27888,385,405,False,False,5520
139,27884,27884,27884,349,362,False,True,5560
140,27876,27876,27876,180,208,False,True,5600
141,27865,27865,27865,233,271,False,True,5640
142,27847,27847,27847,123,138,False,True,5680
143,27843,27843,27843,294,300,False,True,5720
144,27830,27830,27830,328,350,False,True,5760
145,27815,27815,27815,339,352,False,True,5800
146,27814,27814,27814,202,217,False,True,5840
147,27809,27809,27809,398,414,False,True,5880
148,27809,27809,27809,352,353,False,False,5920
149,27809,27809,27809,60,61,False,False,5960
150,27810,27809,27810,129,145,False,False,6000
151,27817,27809,27817,73,278,False,False,6040
152,27819,27809,27819,104,403,False,False,6080
153,27790,27790,27790,343,425,False,True,6120
154,27776,27776,27776,96,417,False,True,6160
155,27749,27749,27749,327,437,False,True,6200
156,27740,27740,27740,416,462,False,True,6240
157,27726,27726,27726,52,101,False,True,6280
158,27744,27726,27744,259,269,False,False,6320
159,27744,27726,27744,19,107,False,False,6360
160,27744,27726,27744,256,260,False,False,6400
161,27744,27726,27744,220,224,False,False,6440
162,27768,27726,27768,5,34,False,False,6480
163,27759,27726,27759,325,338,False,False,6520
164,27759,27726,27759,340,353,False,False,6560
165,27759,27726,27759,207,212,False,False,6600
166,27749,27726,27749,10,16,False,False,6640
167,27749,27726,27749,50,73,False,False,6680
168,27733,27726,27733,32,33,False,False,6720
169,27733,27726,27733,316,322,False,False,6760
170,27733,27726,27733,297,313,False,False,6800
171,27736,27726,27736,468,478,False,False,6840
172,27736,27726,27736,318,327,False,False,6880
173,27729,27726,27729,228,421,False,False,6920
174,27729,27726,27729,160,166,False,False,6960
175,27726,27726,27726,42,107,False,False,7000
176,27724,27724,27724,116,262,False,True,7040
177,27718,27718,27718,34,490,False,True,7080
178,27718,27718,27718,90,107,False,False,7120
179,27709,27709,27709,300,394,False,True,7160
180,27709,27709,27709,163,167,False,False,7200
181,27702,27702,27702,29,111,False,True,7240
182,27675,27675,27675,25,398,False,True,7280
183,27675,27675,27675,374,386,False,False,7320
184,27654,27654,27654,18,198,False,True,7360
185,27673,27654,27673,435,466,False,False,7400
186,27662,27654,27662,432,442,False,False,7440
187,27662,27654,27662,300,328,False,False,7480
188,27664,27654,27664,76,348,False,False,7520
189,27664,27654,27664,147,152,False,False,7560
190,27664,27654,27664,278,291,False,False,7600
191,27664,27654,27664,303,353,False,False,7640
192,27664,27654,27664,178,184,False,False,7680
193,27675,27654,27675,438,457,False,False,7720
194,27653,27653,27653,85,102,False,True,7760
195,27653,27653,27653,359,368,False,False,7800
196,27629,27629,27629,45,404,False,True,7840
197,27629,27629,27629,148,162,False,False,7880
198,27629,27629,27629,159,163,False,False,7920
199,27629,27629,27629,246,262,False,False,7960
200,27629,27629,27629,53,125,False,False,8000
201,27629,27629,27629,90,111,False,False,8040
202,27636,27629,27636,18,264,False,False,8080
203,27628,27628,27628,62,132,False,True,8120
204,27624,27624,27624,241,444,False,True,8160
205,27624,27624,27624,306,382,False,False,8200
206,27608,27608,27608,6,391,False,True,8240
207,27593,27593,27593,181,428,False,True,8280
208,27593,27593,27593,229,237,False,False,8320
209,27586,27586,27586,380,426,False,True,8360
210,27585,27585,27585,39,228,False,True,8400
211,27585,27585,27585,63,135,False,False,8440
212,27572,27572,27572,173,267,False,True,8480
213,27562,27562,27562,149,335,False,True,8520
214,27556,27556,27556,216,311,False,True,8560
215,27544,27544,27544,86,168,False,True,8600
216,27531,27531,27531,35,312,False,True,8640
217,27509,27509,27509,82,95,False,True,8680
218,27496,27496,27496,249,297,False,True,8720
219,27496,27496,27496,250,253,False,False,8760
220,27495,27495,27495,43,197,False,True,8800
221,27495,27495,27495,160,177,False,False,8840
222,27494,27494,27494,39,216,False,True,8880
223,27494,27494,27494,229,245,False,False,8920
224,27491,27491,27491,489,498,False,True,8960
225,27491,27491,27491,216,242,False,False,9000
226,27491,27491,27491,434,437,False,False,9040
227,27475,27475,27475,60,155,False,True,9080
228,27466,27466,27466,398,452,False,True,9120
229,27466,27466,27466,441,474,False,False,9160
230,27466,27466,27466,111,132,False,False,9200
231,27466,27466,27466,248,252,False,False,9240
232,27466,27466,27466,102,109,False,False,9280
233,27466,27466,27466,194,209,False,False,9320
234,27466,27466,27466,14,15,False,False,9360
235,27466,27466,27466,106,123,False,False,9400
236,27466,27466,27466,198,223,False,False,9440
237,27466,27466,27466,380,381,False,False,9480
238,27454,27454,27454,227,301,False,True,9520
239,27446,27446,27446,266,317,False,True,9560
240,27445,27445,27445,386,412,False,True,9600
241,27438,27438,27438,30,125,False,True,9640
242,27438,27438,27438,236,267,False,False,9680
243,27438,27438,27438,274,277,False,False,9720
244,27438,27438,27438,340,348,False,False,9760
245,27431,27431,27431,468,472,False,True,9800
246,27431,27431,27431,118,119,False,False,9840
247,27431,27431,27431,331,332,False,False,9880
248,27431,27431,27431,76,89,False,False,9920
249,27426,27426,27426,231,382,False,True,9960
250,27413,27413,27413,183,191,False,True,10000
251,27413,27413,27413,473,485,False,False,10040
252,27413,27413,27413,419,425,False,False,10080
253,27413,27413,27413,343,350,False,False,10120
254,27413,27413,27413,13,17,False,False,10160
255,27404,27404,27404,10,191,False,True,10200
256,27378,27378,27378,190,387,False,True,10240
257,27373,27373,27373,14,395,False,True,10280
258,27367,27367,27367,151,272,False,True,10320
259,27365,27365,27365,256,266,False,True,10360
260,27356,27356,27356,252,284,False,True,10400
261,27356,27356,27356,209,238,False,False,10440
262,27355,27355,27355,312,318,False,True,10480
263,27357,27355,27357,394,398,False,False,10520
264,27383,27355,27383,48,266,False,False,10560
265,27387,27355,27387,39,269,False,False,10600
266,27354,27354,27354,169,264,False,True,10640
267,27354,27354,27354,285,286,False,False,10680
268,27351,27351,27351,29,43,False,True,10720
269,27350,27350,27350,134,438,False,True,10760
270,27347,27347,27347,37,87,False,True,10800
271,27342,27342,27342,284,421,False,True,10840
272,27342,27342,27342,318,358,False,False,10880
273,27336,27336,27336,463,490,False,True,10920
274,27336,27336,27336,477,482,False,False,10960
275,27325,27325,27325,391,432,False,True,11000
276,27325,27325,27325,152,248,False,False,11040
277,27325,27325,27325,275,288,False,False,11080
278,27325,27325,27325,123,148,False,False,11120
279,27322,27322,27322,11,12,False,True,11160
280,27330,27322,27330,298,313,False,False,11200
281,27330,27322,27330,339,487,False,False,11240
282,27344,27322,27344,362,389,False,False,11280
283,27344,27322,27344,255,257,False,False,11320
284,27344,27322,27344,16,60,False,False,11360
285,27351,27322,27351,295,398,False,False,11400
286,27351,27322,27351,246,258,False,False,11440
287,27346,27322,27346,164,203,False,False,11480
288,27342,27322,27342,378,394,False,False,11520
289,27342,27322,27342,225,230,False,False,11560
290,27332,27322,27332,243,354,False,False,11600
291,27332,27322,27332,192,204,False,False,11640
292,27332,27322,27332,134,137,False,False,11680
293,27324,27322,27324,435,477,False,False,11720
294,27320,27320,27320,111,270,False,True,11760
295,27326,27320,27326,152,191,False,False,11800
296,27326,27320,27326,23,55,False,False,11840
297,27326,27320,27326,394,395,False,False,11880
298,27326,27320,27326,252,270,False,False,11920
299,27326,27320,27326,409,415,False,False,11960
300,27329,27320,27329,203,302,False,False,12000
301,27321,27320,27321,291,303,False,False,12040
302,27343,27320,27343,36,252,False,False,12080
303,27341,27320,27341,48,122,False,False,12120
304,27331,27320,27331,239,266,False,False,12160
305,27336,27320,27336,421,433,False,False,12200
306,27336,27320,27336,177,217,False,False,12240
307,27336,27320,27336,60,62,False,False,12280
308,27343,27320,27343,305,353,False,False,12320
309,27343,27320,27343,86,111,False,False,12360
310,27343,27320,27343,65,79,False,False,12400
311,27329,27320,27329,437,479,False,False,12440
312,27329,27320,27329,291,443,False,False,12480
313,27339,27320,27339,284,302,False,False,12520
314,27335,27320,27335,121,219,False,False,12560
315,27335,27320,27335,132,143,False,False,12600
316,27329,27320,27329,12,169,False,False,12640
317,27329,27320,27329,280,297,False,False,12680
318,27329,27320,27329,384,406,False,False,12720
319,27329,27320,27329,327,329,False,False,12760
320,27329,27320,27329,300,309,False,False,12800
321,27320,27320,27320,346,404,False,False,12840
322,27299,27299,27299,357,372,False,True,12880
323,27299,27299,27299,109,110,False,False,12920
324,27299,27299,27299,62,64,False,False,12960
325,27299,27299,27299,327,332,False,False,13000
326,27299,27299,27299,225,282,False,False,13040
327,27299,27299,27299,223,231,False,False,13080
328,27320,27299,27320,180,457,False,False,13120
329,27320,27299,27320,118,151,False,False,13160
330,27314,27299,27314,264,269,False,False,13200
331,27314,27299,27314,89,92,False,False,13240
332,27313,27299,27313,203,239,False,False,13280
333,27286,27286,27286,179,267,False,True,13320
334,27286,27286,27286,485,486,False,False,13360
335,27284,27284,27284,148,383,False,True,13400
336,27284,27284,27284,109,115,False,False,13440
337,27284,27284,27284,396,398,False,False,13480
338,27284,27284,27284,97,117,False,False,13520
339,27279,27279,27279,128,176,False,True,13560
340,27279,27279,27279,173,208,False,False,13600
341,27290,27279,27290,284,497,False,False,13640
342,27299,27279,27299,113,115,False,False,13680
343,27299,27279,27299,309,326,False,False,13720
344,27299,27279,27299,430,437,False,False,13760
345,27298,27279,27298,344,368,False,False,13800
346,27298,27279,27298,220,247,False,False,13840
347,27298,27279,27298,130,136,False,False,13880
348,27298,27279,27298,177,184,False,False,13920
349,27302,27279,27302,214,220,False,False,13960
350,27302,27279,27302,221,222,False,False,14000
351,27312,27279,27312,125,198,False,False,14040
352,27301,27279,27301,126,219,False,False,14080
353,27301,27279,27301,295,327,False,False,14120
354,27301,27279,27301,152,157,False,False,14160
355,27301,27279,27301,167,183,False,False,14200
356,27301,27279,27301,164,177,False,False,14240
357,27301,27279,27301,201,204,False,False,14280
358,27303,27279,27303,69,107,False,False,14320
359,27306,27279,27306,172,203,False,False,14360
360,27313,27279,27313,240,450,False,False,14400
361,27307,27279,27307,451,473,False,False,14440
362,27304,27279,27304,10,18,False,False,14480
363,27297,27279,27297,343,407,False,False,14520
364,27297,27279,27297,74,177,False,False,14560
365,27297,27279,27297,374,381,False,False,14600
366,27297,27279,27297,35,36,False,False,14640
367,27297,27279,27297,201,212,False,False,14680
368,27297,27279,27297,87,102,False,False,14720
369,27285,27279,27285,456,470,False,False,14760
370,27285,27279,27285,132,154,False,False,14800
371,27282,27279,27282,276,302,False,False,14840
372,27302,27279,27302,105,222,False,False,14880
373,27291,27279,27291,111,216,False,False,14920
374,27291,27279,27291,64,97,False,False,14960
375,27281,27279,27281,203,249,False,False,15000
376,27282,27279,27282,395,454,False,False,15040
377,27281,27279,27281,345,406,False,False,15080
378,27281,27279,27281,85,97,False,False,15120
379,27281,27279,27281,106,114,False,False,15160
380,27275,27275,27275,110,144,False,True,15200
381,27267,27267,27267,117,370,False,True,15240
382,27263,27263,27263,214,391,False,True,15280
383,27252,27252,27252,282,423,False,True,15320
384,27259,27252,27259,72,489,False,False,15360
385,27255,27252,27255,315,479,False,False,15400
386,27255,27252,27255,318,324,False,False,15440
387,27255,27252,27255,222,278,False,False,15480
388,27255,27252,27255,279,314,False,False,15520
389,27248,27248,27248,367,457,False,True,15560
390,27248,27248,27248,428,437,False,False,15600
391,27248,27248,27248,448,454,False,False,15640
392,27243,27243,27243,173,208,False,True,15680
393,27243,27243,27243,80,89,False,False,15720
394,27243,27243,27243,175,196,False,False,15760
395,27243,27243,27243,133,134,False,False,15800
396,27243,27243,27243,249,258,False,False,15840
397,27243,27243,27243,89,129,False,False,15880
398,27247,27243,27247,73,96,False,False,15920
399,27247,27243,27247,156,158,False,False,15960
400,27247,27243,27247,275,295,False,False,16000
401,27247,27243,27247,274,281,False,False,16040
402,27247,27243,27247,61,64,False,False,16080
403,27254,27243,27254,116,282,False,False,16120
404,27249,27243,27249,160,198,False,False,16160
405,27243,27243,27243,151,373,False,False,16200
406,27243,27243,27243,57,136,False,False,16240
407,27247,27243,27247,254,263,False,False,16280
408,27247,27243,27247,345,356,False,False,16320
409,27242,27242,27242,401,497,False,True,16360
410,27232,27232,27232,346,457,False,True,16400
411,27242,27232,27242,363,470,False,False,16440
412,27242,27232,27242,223,234,False,False,16480
413,27242,27232,27242,88,92,False,False,16520
414,27242,27232,27242,373,394,False,False,16560
415,27242,27232,27242,83,84,False,False,16600
416,27242,27232,27242,124,125,False,False,16640
417,27240,27232,27240,138,222,False,False,16680
418,27256,27232,27256,373,399,False,False,16720
419,27242,27232,27242,162,248,False,False,16760
420,27232,27232,27232,157,220,False,False,16800
421,27250,27232,27250,356,475,False,False,16840
422,27243,27232,27243,383,418,False,False,16880
423,27258,27232,27258,261,489,False,False,16920
424,27250,27232,27250,52,66,False,False,16960
425,27239,27232,27239,302,321,False,False,17000
426,27236,27232,27236,377,383,False,False,17040
427,27234,27232,27234,373,406,False,False,17080
428,27234,27232,27234,162,219,False,False,17120
429,27234,27232,27234,81,161,False,False,17160
430,27231,27231,27231,172,447,False,True,17200
431,27229,27229,27229,422,467,False,True,17240
432,27222,27222,27222,177,204,False,True,17280
433,27245,27222,27245,211,442,False,False,17320
434,27245,27222,27245,221,245,False,False,17360
435,27236,27222,27236,81,379,False,False,17400
436,27232,27222,27232,57,218,False,False,17440
437,27229,27222,27229,101,138,False,False,17480
438,27232,27222,27232,193,296,False,False,17520
439,27228,27222,27228,198,332,False,False,17560
440,27227,27222,27227,312,431,False,False,17600
441,27224,27222,27224,218,300,False,False,17640
442,27224,27222,27224,319,380,False,False,17680
443,27224,27222,27224,276,282,False,False,17720
444,27224,27222,27224,200,210,False,False,17760
445,27224,27222,27224,255,258,False,False,17800
446,27216,27216,27216,112,257,False,True,17840
447,27209,27209,27209,48,111,False,True,17880
448,27201,27201,27201,98,103,False,True,17920
449,27200,27200,27200,124,189,False,True,17960
450,27200,27200,27200,81,109,False,False,18000
451,27200,27200,27200,142,151,False,False,18040
452,27200,27200,27200,233,234,False,False,18080
453,27200,27200,27200,77,106,False,False,18120
454,27198,27198,27198,474,483,False,True,18160
455,27216,27198,27216,292,301,False,False,18200
456,27211,27198,27211,217,222,False,False,18240
457,27211,27198,27211,273,282,False,False,18280
458,27212,27198,27212,130,238,False,False,18320
459,27212,27198,27212,390,401,False,False,18360
460,27212,27198,27212,296,315,False,False,18400
461,27212,27198,27212,157,175,False,False,18440
462,27212,27198,27212,117,118,False,False,18480
463,27212,27198,27212,236,276,False,False,18520
464,27208,27198,27208,396,418,False,False,18560
465,27208,27198,27208,300,334,False,False,18600
466,27208,27198,27208,99,114,False,False,18640
467,27208,27198,27208,80,98,False,False,18680
468,27219,27198,27219,263,415,False,False,18720
469,27217,27198,27217,416,471,False,False,18760
470,27219,27198,27219,47,60,False,False,18800
471,27215,27198,27215,71,101,False,False,18840
472,27215,27198,27215,324,328,False,False,18880
473,27227,27198,27227,48,55,False,False,18920
474,27230,27198,27230,81,96,False,False,18960
475,27230,27198,27230,161,165,False,False,19000
476,27230,27198,27230,375,436,False,False,19040
477,27230,27198,27230,216,221,False,False,19080
478,27229,27198,27229,87,150,False,False,19120
479,27229,27198,27229,26,54,False,False,19160
480,27227,27198,27227,424,435,False,False,19200
481,27237,27198,27237,370,379,False,False,19240
482,27237,27198,27237,61,71,False,False,19280
483,27234,27198,27234,218,248,False,False,19320
484,27234,27198,27234,124,136,False,False,19360
485,27234,27198,27234,178,184,False,False,19400
486,27234,27198,27234,488,489,False,False,19440
487,27234,27198,27234,84,90,False,False,19480
488,27232,27198,27232,379,434,False,False,19520
489,27228,27198,27228,202,245,False,False,19560
490,27228,27198,27228,179,186,False,False,19600
491,27234,27198,27234,227,311,False,False,19640
492,27222,27198,27222,169,222,False,False,19680
493,27222,27198,27222,26,27,False,False,19720
494,27222,27198,27222,98,123,False,False,19760
495,27205,27198,27205,66,99,False,False,19800
496,27205,27198,27205,285,311,False,False,19840
497,27205,27198,27205,300,303,False,False,19880
498,27205,27198,27205,193,195,False,False,19920
499,27224,27198,27224,245,266,False,False,19960
500,27220,27198,27220,2,271,False,False,20000
